epoch,lr,train_loss,train_acc,id_loss,id_acc,ood_noise_loss,ood_noise_acc,ood_blur_loss,ood_blur_acc,ood_brightness_loss,ood_brightness_acc,avg_ood_acc,id_ood_acc_drop
1,0.1,2.1086770809173583,0.24658,1.6505274562835692,0.3817,1.719973783493042,0.3596,1.7756807247161865,0.3471,1.805060025024414,0.336,0.34756666666666663,0.03413333333333335
2,0.09990133642141358,1.4409524333190917,0.46652,1.321834921836853,0.5112,2.172340884399414,0.3396,1.7782362712860107,0.3677,1.602861731338501,0.4327,0.38000000000000006,0.13119999999999993
3,0.0996057350657239,1.1348305055999757,0.58996,1.0763397890090942,0.6165,2.2924945018768312,0.3221,1.7424673400878907,0.4414,1.2101309022903441,0.5796,0.4477,0.16880000000000006
4,0.09911436253643444,0.9192569458198547,0.67266,1.222399680519104,0.6354,7.011554212188721,0.1286,2.0267174829483032,0.4501,1.2724753337860106,0.6032,0.39396666666666663,0.24143333333333333
5,0.09842915805643154,0.7477624308013916,0.74002,0.9925250945091247,0.6617,2.9630267028808595,0.2677,2.380845249938965,0.3961,1.073984913635254,0.6348,0.4328666666666667,0.22883333333333328
6,0.09755282581475767,0.6482055406570435,0.77494,0.8249469220161438,0.7264,5.069820799255371,0.1265,1.4032480098724365,0.5715,0.9521436988830566,0.6855,0.46116666666666667,0.2652333333333334
7,0.09648882429441256,0.5804252139091491,0.79948,0.6196607413291931,0.787,4.596507611846924,0.1373,1.6610226928710938,0.5271,0.7412383266448974,0.7451,0.4698333333333333,0.3171666666666667
8,0.09524135262330098,0.5400413028526306,0.81396,0.6872505493164063,0.7753,3.2935681846618654,0.2276,1.994428032875061,0.4859,0.7544048705101013,0.7499,0.4878,0.2875
9,0.09381533400219318,0.504631476354599,0.82702,0.6995626148223877,0.773,3.7794740112304686,0.1968,1.7681781883239747,0.5399,0.8641786014556885,0.725,0.48723333333333335,0.28576666666666667
10,0.09221639627510075,0.48281230464935304,0.8347,0.7873162137985229,0.7479,4.329679472351074,0.2123,1.7037885021209718,0.5438,0.8990623491287232,0.7133,0.4898,0.2581
11,0.09045084971874737,0.45544723264694215,0.8433,0.561921357011795,0.8168,5.356771517944336,0.1153,1.320540121269226,0.581,0.7362473518371582,0.7617,0.486,0.3308
12,0.08852566213878946,0.4399102082633972,0.8497,0.6277551320075989,0.7877,4.425558821105957,0.1652,1.9400837779998779,0.5255,0.769119229888916,0.7417,0.47746666666666665,0.3102333333333333
13,0.08644843137107057,0.419350952835083,0.8538,0.7368646107673645,0.7612,2.8408449714660646,0.259,1.5430216075897216,0.5379,0.8884503524780274,0.7184,0.5051,0.2561
14,0.08422735529643442,0.40723774728775025,0.86084,0.6301522753715515,0.7925,3.8907794536590576,0.2039,1.8800599620819092,0.485,0.8058859775543213,0.7479,0.4789333333333334,0.3135666666666666
15,0.08187119948743447,0.39253616485595705,0.86388,0.8696756163597107,0.7332,7.4870612487792965,0.1159,1.6020101484298706,0.5602,1.1763143829345704,0.6629,0.4463333333333333,0.28686666666666666
16,0.07938926261462366,0.37759374400138856,0.8691,0.5125512505531311,0.8207,3.486398515319824,0.1802,2.0377954891204832,0.4774,0.621377167892456,0.783,0.4802,0.34049999999999997
17,0.07679133974894982,0.3607967910003662,0.87712,0.4366425553321838,0.8534,4.561396255493164,0.1768,1.6336408712387085,0.5599,0.6420499629974366,0.789,0.5085666666666667,0.3448333333333333
18,0.07408768370508576,0.3477275023841858,0.87952,0.4568255786895752,0.8466,3.4553739612579344,0.2219,2.0801029251098635,0.4683,0.7169993391036987,0.7713,0.4871666666666667,0.3594333333333333
19,0.07128896457825362,0.3339740841293335,0.88626,0.4770747490167618,0.8436,4.18809073638916,0.1717,1.845150148010254,0.5087,0.7110024511337281,0.7749,0.48510000000000003,0.3585
20,0.06840622763423389,0.32281868645668027,0.8889,0.483985326051712,0.8435,3.2406961082458494,0.2304,1.27406253490448,0.6425,0.6374761407852173,0.7986,0.5571666666666667,0.28633333333333333
21,0.06545084971874736,0.3125375085163116,0.8927,0.5052422897338867,0.8385,5.055207279968262,0.1433,0.8202914035797119,0.729,0.7767269157409668,0.7593,0.5438666666666666,0.2946333333333334
22,0.06243449435824272,0.29953512828826906,0.8986,0.46589354186058046,0.8499,5.363739323425293,0.1413,1.7320721439361573,0.555,0.6942880973815918,0.7816,0.4926333333333333,0.3572666666666667
23,0.05936906572928623,0.2880394544839859,0.90172,0.38732948672771456,0.872,3.851882322692871,0.2151,1.0667565267562866,0.6709,0.5397259826660157,0.825,0.5703333333333334,0.30166666666666664
24,0.056266661678215216,0.26878305755615234,0.90736,0.4727871203660965,0.8472,5.01376344909668,0.1379,1.7118649620056152,0.5585,0.8165665877819062,0.7625,0.48629999999999995,0.3609
25,0.053139525976465665,0.26496773752212527,0.90734,0.47368998546600344,0.8467,4.920771417999267,0.1497,1.5963429384231567,0.6066,0.6612989942550659,0.7902,0.5155,0.33120000000000005
26,0.049999999999999996,0.24513135871887207,0.9151,0.4073287903308868,0.8688,5.416220567321777,0.1366,1.9557181453704835,0.5541,0.5479177610397339,0.8228,0.5045000000000001,0.36429999999999996
27,0.046860474023534326,0.22997205849647523,0.92256,0.39660426692962647,0.8692,4.810686326599121,0.1493,2.1773758777618406,0.4938,0.49690421485900876,0.8342,0.49243333333333333,0.37676666666666664
28,0.04373333832178478,0.22142851853847503,0.92366,0.3587015454292297,0.8834,5.066115509796143,0.1548,1.474236408996582,0.6092,0.525611678314209,0.8327,0.5322333333333333,0.3511666666666666
29,0.040630934270713764,0.20659755168437957,0.92946,0.34925230226516724,0.8832,4.792933720397949,0.1577,1.1913987321853639,0.6576,0.5256943997383118,0.8283,0.5478666666666666,0.33533333333333337
30,0.03756550564175726,0.19269065457344056,0.93434,0.4058445743560791,0.8705,5.6771289916992185,0.1505,2.082330512046814,0.4953,0.5627964856147766,0.8232,0.4896666666666667,0.38083333333333336
31,0.03454915028125265,0.1794551282596588,0.93938,0.3458324577331543,0.8919,3.925309315490723,0.1945,1.4155167144775391,0.6163,0.5644409408569336,0.8269,0.5458999999999999,0.3460000000000001
32,0.03159377236576612,0.16414662952899933,0.9439,0.3018311816692352,0.9037,4.660542027282715,0.1432,1.4102524906158447,0.6184,0.42475576705932616,0.8635,0.5417,0.362
33,0.028711035421746366,0.15122812785863876,0.94762,0.3445899977684021,0.893,6.497675625610351,0.125,1.269181204032898,0.6366,0.48423534574508664,0.8517,0.5377666666666667,0.3552333333333333
34,0.025912316294914226,0.13635061917304991,0.95212,0.35200030479431155,0.8915,5.768653785705566,0.1401,1.8656710151672364,0.5378,0.640459750366211,0.8171,0.49833333333333335,0.3931666666666666
35,0.023208660251050155,0.12185122403621673,0.95846,0.27661602501869204,0.9165,5.601293451690673,0.1465,1.6978147607803344,0.5763,0.40720942821502687,0.8773,0.5333666666666667,0.3831333333333333
36,0.020610737385376346,0.10046935304641724,0.96508,0.2991657203197479,0.9061,7.268287311553955,0.122,1.3897608627319336,0.6448,0.45251185703277585,0.8664,0.5444,0.3617
37,0.01812880051256551,0.0879670080447197,0.97092,0.27815339994430544,0.9179,5.977205099487304,0.1265,1.3191103303909302,0.6538,0.45950196418762207,0.8676,0.5493,0.36860000000000004
38,0.015772644703565562,0.07240212660312653,0.97618,0.26103140020370486,0.9204,9.014817115783691,0.1069,1.2983680801391602,0.6579,0.4227436171531677,0.8735,0.5461,0.37429999999999997
39,0.013551568628929433,0.05859056343555451,0.98066,0.2562293933868408,0.9257,7.418444583129883,0.1472,1.159290711593628,0.7032,0.36521826362609866,0.8899,0.5801,0.3456
40,0.011474337861210542,0.04593620873570442,0.98472,0.24759630200862884,0.9304,6.283041040039063,0.1524,1.6177318283081055,0.6482,0.3944122360706329,0.8907,0.5637666666666666,0.36663333333333337
41,0.009549150281252632,0.03740288795173168,0.98798,0.25682591502666474,0.9294,7.376642654418945,0.1416,1.7385711891174316,0.634,0.38639856214523316,0.8945,0.5567,0.37270000000000003
42,0.007783603724899257,0.02735034031391144,0.99146,0.2263130909919739,0.9356,6.414696421813965,0.155,2.0052388352394104,0.6045,0.39233736782073975,0.8941,0.5512,0.38439999999999996
43,0.0061846659978068205,0.020375418149828912,0.99418,0.22085646691322328,0.9387,5.879578261566162,0.1764,1.8388540378570557,0.632,0.37279132652282715,0.9001,0.5695,0.3692
44,0.004758647376699033,0.015015958284586668,0.99596,0.21558244934082033,0.9421,6.604859516906738,0.1481,1.8740776119232179,0.623,0.3563211287498474,0.9058,0.5589666666666667,0.3831333333333333
45,0.0035111757055874327,0.012193556984961032,0.99682,0.21868044137954712,0.941,7.142287313842774,0.1289,1.6727047801971435,0.6544,0.3564726520061493,0.9049,0.5627333333333333,0.37826666666666664
46,0.0024471741852423235,0.009538388201519848,0.99792,0.21320754940509795,0.9418,6.326153878784179,0.1503,1.798585831451416,0.6314,0.3520971975326538,0.9052,0.5623,0.37949999999999995
47,0.0015708419435684518,0.008598075236678123,0.99828,0.21177565228939058,0.944,6.38876357498169,0.1474,1.9338964988708496,0.6187,0.35264285826683045,0.9056,0.5572333333333334,0.3867666666666666
48,0.000885637463565564,0.007318839417546987,0.99886,0.2125813933610916,0.9427,6.281941690063476,0.1496,1.8666358804702758,0.6281,0.34870428886413574,0.9072,0.5616333333333333,0.38106666666666666
49,0.00039426493427611173,0.007256435520350933,0.9987,0.21062977299690247,0.9444,6.319266505432129,0.1492,1.8171118545532225,0.6275,0.34713490705490113,0.9072,0.5613,0.3831
50,9.866357858642205e-05,0.007079590516090393,0.99868,0.2108271575450897,0.9441,6.301478269195557,0.1488,1.9041557876586914,0.6288,0.341014365196228,0.9087,0.5620999999999999,0.3820000000000001
